User-ID,Username,Password
4017,4017_name,4017_pass
6242,6242_name,6242_pass
6251,6251_name,6251_pass
6563,6563_name,6563_pass
6575,6575_name,6575_pass
7346,7346_name,7346_pass
8245,8245_name,8245_pass
8253,8253_name,8253_pass
8454,8454_name,8454_pass
10314,10314_name,10314_pass
10447,10447_name,10447_pass
11676,11676_name,11676_pass
13552,13552_name,13552_pass
16795,16795_name,16795_pass
17950,17950_name,17950_pass
20180,20180_name,20180_pass
21014,21014_name,21014_pass
22625,22625_name,22625_pass
23872,23872_name,23872_pass
23902,23902_name,23902_pass
27472,27472_name,27472_pass
28177,28177_name,28177_pass
28634,28634_name,28634_pass
30735,30735_name,30735_pass
30972,30972_name,30972_pass
31315,31315_name,31315_pass
31393,31393_name,31393_pass
31826,31826_name,31826_pass
35859,35859_name,35859_pass
36606,36606_name,36606_pass
36907,36907_name,36907_pass
37712,37712_name,37712_pass
37950,37950_name,37950_pass
40889,40889_name,40889_pass
43246,43246_name,43246_pass
43842,43842_name,43842_pass
46398,46398_name,46398_pass
52584,52584_name,52584_pass
53174,53174_name,53174_pass
53220,53220_name,53220_pass
55492,55492_name,55492_pass
60244,60244_name,60244_pass
62862,62862_name,62862_pass
66942,66942_name,66942_pass
68555,68555_name,68555_pass
69078,69078_name,69078_pass
69389,69389_name,69389_pass
70666,70666_name,70666_pass
73044,73044_name,73044_pass
73681,73681_name,73681_pass
75591,75591_name,75591_pass
75819,75819_name,75819_pass
78783,78783_name,78783_pass
78973,78973_name,78973_pass
85526,85526_name,85526_pass
87141,87141_name,87141_pass
88693,88693_name,88693_pass
88733,88733_name,88733_pass
89602,89602_name,89602_pass
91113,91113_name,91113_pass
95359,95359_name,95359_pass
95932,95932_name,95932_pass
98391,98391_name,98391_pass
98787,98787_name,98787_pass
100459,100459_name,100459_pass
100906,100906_name,100906_pass
101876,101876_name,101876_pass
102647,102647_name,102647_pass
104636,104636_name,104636_pass
104665,104665_name,104665_pass
105028,105028_name,105028_pass
105517,105517_name,105517_pass
105979,105979_name,105979_pass
107784,107784_name,107784_pass
110912,110912_name,110912_pass
110934,110934_name,110934_pass
110973,110973_name,110973_pass
112001,112001_name,112001_pass
113270,113270_name,113270_pass
113519,113519_name,113519_pass
114368,114368_name,114368_pass
114544,114544_name,114544_pass
114988,114988_name,114988_pass
115003,115003_name,115003_pass
121170,121170_name,121170_pass
124874,124874_name,124874_pass
125519,125519_name,125519_pass
126492,126492_name,126492_pass
130571,130571_name,130571_pass
135149,135149_name,135149_pass
136491,136491_name,136491_pass
137589,137589_name,137589_pass
138543,138543_name,138543_pass
138844,138844_name,138844_pass
139913,139913_name,139913_pass
140000,140000_name,140000_pass
140358,140358_name,140358_pass
141444,141444_name,141444_pass
141493,141493_name,141493_pass
144531,144531_name,144531_pass
147847,147847_name,147847_pass
148744,148744_name,148744_pass
150979,150979_name,150979_pass
153662,153662_name,153662_pass
156150,156150_name,156150_pass
158295,158295_name,158295_pass
159506,159506_name,159506_pass
160819,160819_name,160819_pass
162639,162639_name,162639_pass
164323,164323_name,164323_pass
165308,165308_name,165308_pass
170513,170513_name,170513_pass
173415,173415_name,173415_pass
173679,173679_name,173679_pass
177072,177072_name,177072_pass
177432,177432_name,177432_pass
178667,178667_name,178667_pass
181687,181687_name,181687_pass
187256,187256_name,187256_pass
189835,189835_name,189835_pass
190925,190925_name,190925_pass
194600,194600_name,194600_pass
196077,196077_name,196077_pass
200226,200226_name,200226_pass
203240,203240_name,203240_pass
204864,204864_name,204864_pass
206305,206305_name,206305_pass
208671,208671_name,208671_pass
208829,208829_name,208829_pass
210485,210485_name,210485_pass
211426,211426_name,211426_pass
214786,214786_name,214786_pass
216683,216683_name,216683_pass
218552,218552_name,218552_pass
218568,218568_name,218568_pass
219683,219683_name,219683_pass
220688,220688_name,220688_pass
221445,221445_name,221445_pass
223154,223154_name,223154_pass
224349,224349_name,224349_pass
224430,224430_name,224430_pass
225087,225087_name,225087_pass
225763,225763_name,225763_pass
226965,226965_name,226965_pass
227705,227705_name,227705_pass
229313,229313_name,229313_pass
229741,229741_name,229741_pass
231210,231210_name,231210_pass
232131,232131_name,232131_pass
232945,232945_name,232945_pass
234828,234828_name,234828_pass
235105,235105_name,235105_pass
235282,235282_name,235282_pass
236340,236340_name,236340_pass
236757,236757_name,236757_pass
239594,239594_name,239594_pass
240567,240567_name,240567_pass
241980,241980_name,241980_pass
242083,242083_name,242083_pass
244420,244420_name,244420_pass
245410,245410_name,245410_pass
247447,247447_name,247447_pass
251844,251844_name,251844_pass
254465,254465_name,254465_pass
255489,255489_name,255489_pass
256843,256843_name,256843_pass
258534,258534_name,258534_pass
260897,260897_name,260897_pass
261829,261829_name,261829_pass
264543,264543_name,264543_pass
265115,265115_name,265115_pass
266056,266056_name,266056_pass
270605,270605_name,270605_pass
270713,270713_name,270713_pass
271448,271448_name,271448_pass
274301,274301_name,274301_pass
